DROP TABLE IF EXISTS `brackets`;
CREATE TABLE `brackets` (
  `id` int(5) unsigned NOT NULL AUTO_INCREMENT,
  `tournament_id` int(5) unsigned DEFAULT NULL,
  `bracket_name` varchar(50) DEFAULT NULL,
  `bracket_type` tinyint(3) unsigned DEFAULT NULL,
  `mode` tinyint(3) unsigned DEFAULT NULL,
  `status` tinyint(3) unsigned DEFAULT NULL,
  `timelimit1` tinyint(3) unsigned DEFAULT NULL,
  `pause1` tinyint(3) unsigned DEFAULT NULL,
  `timelimit2` tinyint(3) unsigned DEFAULT '0',
  `pause2` tinyint(3) unsigned DEFAULT '0',
  `timelimit3` tinyint(3) unsigned DEFAULT '0',
  `pause3` tinyint(3) unsigned DEFAULT '0',
  `timelimit4` tinyint(3) unsigned DEFAULT '0',
  `pause4` tinyint(3) unsigned DEFAULT '0',
  `timelimit5` tinyint(3) unsigned DEFAULT '0',
  `pause5` tinyint(3) unsigned DEFAULT '0',
  PRIMARY KEY (`id`)
) ENGINE=InnoDB AUTO_INCREMENT=8 DEFAULT CHARSET=latin1;



#
# Dumping data for table 'brackets'
#

LOCK TABLES `brackets` WRITE;

INSERT INTO `brackets` (`id`, `tournament_id`, `bracket_name`, `bracket_type`, `mode`, `status`, `timelimit1`, `pause1`, `timelimit2`, `pause2`, `timelimit3`, `pause3`, `timelimit4`, `pause4`, `timelimit5`, `pause5`) VALUES
	('1','3','Qualification',0,NULL,NULL,8,2,0,0,0,0,0,0,0,0),
	('5','3','Test Quali',1,NULL,4,8,2,0,0,0,0,0,0,0,0),
	('6','3','Finals',2,NULL,2,0,0,0,0,0,0,0,0,0,0),
	('7','3','finals neu',2,NULL,2,30,0,20,0,15,0,0,0,0,0);

UNLOCK TABLES;


#
# Table structure for table 'bracket_qualifications'
#

DROP TABLE IF EXISTS `bracket_qualifications`;
CREATE TABLE `bracket_qualifications` (
  `id` int(5) unsigned NOT NULL AUTO_INCREMENT,
  `bracket_id` int(5) unsigned DEFAULT NULL,
  `team_id` int(5) unsigned DEFAULT NULL,
  PRIMARY KEY (`id`),
  KEY `id` (`id`)
) ENGINE=InnoDB DEFAULT CHARSET=latin1;



#
# Dumping data for table 'bracket_qualifications'
#

# No data found.



#
# Table structure for table 'bracket_types'
#

DROP TABLE IF EXISTS `bracket_types`;
CREATE TABLE `bracket_types` (
  `id` tinyint(3) unsigned NOT NULL AUTO_INCREMENT,
  `name` varchar(50) DEFAULT NULL,
  `class_name` varchar(50) DEFAULT NULL,
  PRIMARY KEY (`id`)
) ENGINE=InnoDB AUTO_INCREMENT=3 DEFAULT CHARSET=latin1;



#
# Dumping data for table 'bracket_types'
#

LOCK TABLES `bracket_types` WRITE;

INSERT INTO `bracket_types` (`id`, `name`, `class_name`) VALUES
	(1,'Karlsruher System','karlsruher_system'),
	(2,'Single elimination','single_elimination');

UNLOCK TABLES;


#
# Table structure for table 'courts'
#

DROP TABLE IF EXISTS `courts`;
CREATE TABLE `courts` (
  `id` int(10) unsigned NOT NULL AUTO_INCREMENT,
  `name` varchar(50) DEFAULT NULL,
  `location` varchar(50) DEFAULT NULL,
  `status` tinyint(3) unsigned DEFAULT '1',
  `owner` int(5) unsigned DEFAULT NULL,
  PRIMARY KEY (`id`)
) ENGINE=InnoDB AUTO_INCREMENT=4 DEFAULT CHARSET=latin1;



#
# Dumping data for table 'courts'
#

LOCK TABLES `courts` WRITE;

INSERT INTO `courts` (`id`, `name`, `location`, `status`, `owner`) VALUES
	('1','Bunker Court 1','Bunker',1,'2'),
	('3','Turnier Court','Messe',1,'2');

UNLOCK TABLES;


#
# Table structure for table 'court_occupation'
#

DROP TABLE IF EXISTS `court_occupation`;
CREATE TABLE `court_occupation` (
  `id` int(5) unsigned NOT NULL AUTO_INCREMENT,
  `court_id` int(5) unsigned DEFAULT NULL,
  `bracket_id` int(5) unsigned DEFAULT NULL,
  `start_time` datetime DEFAULT NULL,
  `end_time` datetime DEFAULT NULL,
  `taken_by` int(5) unsigned DEFAULT NULL,
  PRIMARY KEY (`id`)
) ENGINE=InnoDB DEFAULT CHARSET=latin1;



#
# Dumping data for table 'court_occupation'
#

# No data found.



#
# Table structure for table 'fouls'
#

DROP TABLE IF EXISTS `fouls`;
CREATE TABLE `fouls` (
  `id` int(10) unsigned NOT NULL AUTO_INCREMENT,
  `player` int(10) unsigned DEFAULT NULL,
  `match_id` int(10) unsigned DEFAULT NULL,
  `minute` int(10) unsigned DEFAULT NULL,
  `type` tinyint(3) unsigned DEFAULT NULL,
  PRIMARY KEY (`id`)
) ENGINE=InnoDB DEFAULT CHARSET=latin1;



#
# Dumping data for table 'fouls'
#

# No data found.



#
# Table structure for table 'goals'
#

DROP TABLE IF EXISTS `goals`;
CREATE TABLE `goals` (
  `id` int(10) unsigned NOT NULL AUTO_INCREMENT,
  `team_id` int(5) unsigned DEFAULT NULL,
  `player_id` int(10) unsigned DEFAULT NULL,
  `match_id` int(10) unsigned DEFAULT NULL,
  `g_minute` int(10) unsigned DEFAULT NULL,
  `regular` tinyint(3) unsigned DEFAULT NULL,
  PRIMARY KEY (`id`)
) ENGINE=InnoDB AUTO_INCREMENT=671 DEFAULT CHARSET=latin1;



#
# Dumping data for table 'goals'
#

LOCK TABLES `goals` WRITE;

INSERT INTO `goals` (`id`, `team_id`, `player_id`, `match_id`, `g_minute`, `regular`) VALUES
	('1','22','64','61','0',1),
	('2','22','65','61','0',1),
	('4','20','58','61','0',1),
	('5','28','83','62','0',1),
	('6','28','83','62','0',1),
	('7','15','44','62','0',1),
	('8','24','71','60','0',1),
	('9','33','99','60','0',1),
	('10','33','97','60','0',1),
	('11','38','113','63','0',1),
	('12','38','113','63','0',1),
	('13','38','113','63','0',1),
	('14','18','53','59','0',1),
	('15','18','53','59','0',1),
	('16','18','54','59','0',1),
	('17','18','53','59','0',1),
	('18','26','76','64','0',1),
	('19','26','76','64','0',1),
	('20','26','78','64','0',1),
	('21','26','77','64','0',1),
	('23','37','110','58','0',1),
	('24','30','89','65','0',1),
	('25','30','89','65','0',1),
	('26','30','89','65','0',1),
	('27','30','89','65','0',1),
	('28','37','110','65','0',0),
	('29','8','22','57','0',1),
	('30','8','22','57','0',1),
	('31','29','86','56','0',1),
	('32','29','86','56','0',1),
	('33','21','61','67','0',1),
	('34','21','63','67','0',1),
	('37','8','24','30','0',1),
	('38','18','53','30','0',0),
	('39','8','22','30','0',1),
	('45','9','26','29','0',1),
	('46','34','102','29','0',1),
	('47','9','27','29','0',1),
	('48','9','25','29','0',1),
	('50','34','101','29','0',0),
	('51','19','55','13','0',1),
	('52','19','56','13','0',1),
	('53','19','57','13','0',1),
	('54','24','70','18','0',1),
	('55','33','97','337','0',1),
	('56','33','98','337','0',1),
	('57','33','99','337','0',1),
	('58','33','97','337','0',1),
	('59','33','98','337','0',1),
	('61','9','25','250','0',1),
	('62','9','25','250','0',1),
	('63','9','26','250','0',1),
	('64','9','25','250','0',1),
	('65','9','26','250','0',1),
	('66','8','23','267','0',1),
	('67','8','23','267','0',1),
	('68','8','24','267','0',1),
	('69','8','23','267','0',1),
	('70','8','24','267','0',1),
	('71','11','33','242','0',1),
	('72','11','32','242','0',1),
	('73','11','33','242','0',1),
	('74','11','31','242','0',1),
	('75','11','33','242','0',1),
	('78','32','94','306','0',1),
	('79','32','94','306','0',1),
	('80','32','95','306','0',1),
	('81','10','28','306','0',1),
	('82','8','24','247','0',1),
	('83','18','54','247','0',1),
	('84','8','24','247','0',1),
	('85','18','53','247','0',1),
	('86','8','24','247','0',1),
	('87','18','52','247','0',1),
	('88','18','52','247','0',1),
	('89','18','54','247','0',1),
	('90','24','71','264','0',1),
	('91','24','70','264','0',1),
	('92','24','72','264','0',1),
	('93','24','72','264','0',1),
	('94','24','70','264','0',1),
	('95','1','1','264','0',1),
	('96','9','26','292','0',1),
	('97','32','94','292','0',1),
	('99','32','94','292','0',1),
	('100','21','62','241','0',1),
	('101','21','63','241','0',1),
	('102','21','63','241','0',1),
	('103','23','67','241','0',1),
	('104','21','61','241','0',1),
	('105','25','73','287','0',1),
	('106','13','37','287','0',1),
	('107','13','38','287','0',1),
	('108','13','37','287','0',1),
	('109','13','37','287','0',1),
	('110','25','73','287','0',1),
	('111','31','91','282','0',1),
	('112','31','91','282','0',1),
	('113','40','118','282','0',1),
	('114','31','91','282','0',1),
	('115','40','118','282','0',1),
	('116','16','47','249','0',1),
	('117','16','48','249','0',1),
	('118','1','1','327','0',1),
	('121','1','2','327','0',1),
	('122','6','16','321','0',1),
	('123','40','118','321','0',1),
	('124','40','118','321','0',1),
	('125','40','119','321','0',1),
	('126','9','26','331','0',1),
	('127','24','72','331','0',1),
	('128','9','26','331','0',1),
	('129','9','26','331','0',1),
	('130','9','25','331','0',1),
	('131','24','72','331','0',1),
	('132','9','26','331','0',1),
	('133','17','50','297','0',1),
	('134','17','50','297','0',1),
	('135','8','23','297','0',1),
	('136','8','24','297','0',1),
	('137','8','24','297','0',1),
	('138','8','24','297','0',1),
	('139','38','112','304','0',1),
	('140','31','91','304','0',1),
	('141','31','93','304','0',1),
	('142','38','113','304','0',1),
	('143','38','114','304','0',1),
	('144','31','91','304','0',1),
	('145','31','91','304','0',1),
	('146','10','28','360','0',1),
	('147','15','45','360','0',1),
	('148','15','45','360','0',1),
	('149','15','44','360','0',1),
	('150','37','109','293','0',1),
	('151','37','110','293','0',1),
	('152','23','67','293','0',1),
	('153','37','111','293','0',1),
	('154','37','109','293','0',1),
	('155','37','109','293','0',1),
	('156','21','62','274','0',1),
	('157','21','61','274','0',1),
	('158','21','62','274','0',1),
	('159','21','62','274','0',1),
	('161','21','61','274','0',1),
	('162','36','106','328','0',1),
	('163','36','107','328','0',1),
	('164','36','108','328','0',1),
	('165','24','71','309','0',1),
	('166','25','73','309','0',1),
	('167','24','70','309','0',1),
	('168','25','74','309','0',1),
	('169','21','62','302','0',1),
	('171','15','43','302','0',1),
	('172','15','43','302','0',1),
	('173','21','61','302','0',1),
	('174','15','43','302','0',1),
	('175','18','53','348','0',1),
	('176','18','53','348','0',1),
	('177','18','53','348','0',1),
	('178','18','54','348','0',1),
	('179','18','54','348','0',1),
	('180','1','1','307','0',1),
	('181','1','2','307','0',1),
	('182','26','78','342','0',1),
	('183','26','78','342','0',1),
	('184','26','78','342','0',1),
	('185','26','76','342','0',1),
	('186','26','78','342','0',1),
	('187','19','55','334','0',1),
	('188','23','67','334','0',1),
	('189','23','68','334','0',1),
	('190','36','106','333','0',1),
	('191','36','107','333','0',1),
	('192','36','108','333','0',1),
	('193','36','107','333','0',1),
	('194','25','73','349','0',1),
	('195','17','49','349','0',1),
	('196','25','75','349','0',1),
	('197','25','73','349','0',1),
	('198','17','50','349','0',1),
	('199','25','75','349','0',1),
	('200','11','33','339','0',1),
	('201','11','32','339','0',1),
	('202','11','31','339','0',1),
	('203','11','31','339','0',1),
	('204','11','32','339','0',1),
	('205','22','64','330','0',1),
	('206','22','64','330','0',1),
	('207','22','65','330','0',1),
	('208','22','64','330','0',1),
	('209','22','64','330','0',1),
	('210','19','55','301','0',1),
	('211','26','76','301','0',1),
	('212','26','76','301','0',1),
	('213','26','78','301','0',1),
	('214','24','70','258','0',1),
	('215','24','70','258','0',1),
	('216','24','70','258','0',1),
	('217','13','37','258','0',1),
	('218','36','106','353','0',1),
	('219','36','106','353','0',1),
	('220','36','106','353','0',1),
	('221','36','106','353','0',1),
	('222','36','106','353','0',1),
	('223','22','64','273','0',1),
	('224','15','45','273','0',1),
	('225','15','44','273','0',1),
	('226','26','76','275','0',1),
	('227','37','110','275','0',1),
	('228','26','78','275','0',1),
	('229','27','79','305','0',1),
	('230','27','79','305','0',1),
	('231','27','79','305','0',1),
	('232','27','79','305','0',1),
	('233','27','79','305','0',1),
	('234','16','46','299','0',1),
	('235','16','46','299','0',1),
	('236','5','13','299','0',1),
	('237','5','13','299','0',1),
	('238','5','13','299','0',1),
	('239','19','55','253','0',1),
	('240','37','109','253','0',1),
	('241','37','109','253','0',1),
	('242','37','109','253','0',1),
	('243','2','4','303','0',1),
	('244','2','4','303','0',1),
	('245','2','4','303','0',1),
	('246','2','4','303','0',1),
	('247','2','4','303','0',1),
	('248','34','100','303','0',1),
	('249','18','52','288','0',1),
	('250','18','52','288','0',1),
	('251','18','52','288','0',1),
	('252','18','52','288','0',1),
	('253','36','106','288','0',1),
	('254','36','106','288','0',1),
	('255','36','106','288','0',1),
	('256','20','58','259','0',1),
	('257','20','58','259','0',1),
	('258','20','58','259','0',1),
	('259','20','58','259','0',1),
	('260','20','58','259','0',1),
	('261','4','10','285','0',1),
	('262','4','10','285','0',1),
	('263','33','97','246','0',1),
	('264','33','97','246','0',1),
	('265','33','97','246','0',1),
	('266','33','97','246','0',1),
	('267','33','97','246','0',1),
	('268','31','91','256','0',1),
	('269','3','7','256','0',1),
	('270','3','7','256','0',1),
	('271','3','7','256','0',1),
	('272','3','7','256','0',1),
	('273','3','7','256','0',1),
	('274','9','25','324','0',1),
	('275','9','25','324','0',1),
	('276','9','25','324','0',1),
	('277','5','13','263','0',1),
	('278','12','34','263','0',1),
	('279','12','34','263','0',1),
	('280','12','34','263','0',1),
	('281','12','34','263','0',1),
	('282','12','34','263','0',1),
	('283','39','115','244','0',1),
	('284','39','115','244','0',1),
	('285','39','115','244','0',1),
	('286','39','115','244','0',1),
	('287','39','115','244','0',1),
	('288','40','118','254','0',1),
	('289','4','10','254','0',1),
	('290','4','10','254','0',1),
	('291','4','10','254','0',1),
	('292','18','52','268','0',1),
	('293','18','52','268','0',1),
	('294','18','52','268','0',1),
	('295','33','97','268','0',1),
	('296','33','97','268','0',1),
	('297','23','67','271','0',1),
	('298','23','67','271','0',1),
	('299','23','67','271','0',1),
	('303','9','25','351','0',1),
	('306','9','25','351','0',1),
	('307','9','25','351','0',1),
	('308','9','25','351','0',1),
	('309','34','100','351','0',1),
	('311','5','13','358','0',1),
	('312','5','15','358','0',1),
	('313','5','13','358','0',1),
	('314','38','112','358','0',1),
	('315','5','13','358','0',1),
	('316','38','112','358','0',1),
	('320','24','70','329','0',1),
	('321','2','4','329','0',1),
	('322','2','4','329','0',1),
	('323','35','103','265','0',1),
	('324','35','103','265','0',1),
	('325','35','103','265','0',1),
	('326','35','103','265','0',1),
	('327','35','103','265','0',1),
	('328','37','109','322','0',1),
	('329','37','111','322','0',1),
	('330','36','106','308','0',1),
	('331','12','34','308','0',1),
	('332','12','34','308','0',1),
	('333','12','34','308','0',1),
	('334','36','107','308','0',1),
	('335','22','64','311','0',1),
	('336','22','64','311','0',1),
	('337','22','64','311','0',1),
	('338','22','64','311','0',1),
	('339','30','88','295','0',1),
	('340','19','56','295','0',1),
	('341','3','7','300','0',1),
	('342','3','7','300','0',1),
	('343','3','7','300','0',1),
	('344','3','7','300','0',1),
	('346','29','85','332','0',1),
	('347','29','85','332','0',1),
	('348','29','85','332','0',1),
	('349','29','85','332','0',1),
	('350','29','85','332','0',1),
	('351','32','94','248','0',1),
	('352','32','95','248','0',1),
	('353','34','100','248','0',1),
	('354','34','101','248','0',1),
	('355','4','10','262','0',1),
	('356','4','10','262','0',1),
	('357','4','11','262','0',1),
	('358','4','12','262','0',1),
	('359','7','19','257','0',1),
	('360','10','28','257','0',1),
	('361','7','19','257','0',1),
	('362','7','21','257','0',1),
	('363','7','19','257','0',1),
	('364','26','76','296','0',1),
	('365','11','31','296','0',1),
	('366','26','78','296','0',1),
	('367','26','76','296','0',1),
	('368','33','97','317','0',1),
	('369','33','99','317','0',1),
	('370','33','97','317','0',1),
	('371','33','98','317','0',1),
	('372','33','97','317','0',1),
	('373','29','86','298','0',1),
	('374','29','86','298','0',1),
	('375','29','87','298','0',1),
	('376','29','86','298','0',1),
	('377','29','87','298','0',1),
	('378','18','53','315','0',1),
	('379','18','52','315','0',1),
	('380','18','52','315','0',1),
	('381','18','52','315','0',1),
	('382','18','54','315','0',1),
	('383','20','59','318','0',1),
	('384','39','117','318','0',1),
	('385','20','59','318','0',1),
	('386','39','115','318','0',1),
	('387','2','4','283','0',1),
	('388','2','4','283','0',1),
	('389','2','5','283','0',1),
	('390','2','6','283','0',1),
	('391','27','79','357','0',1),
	('392','37','109','357','0',1),
	('393','37','110','357','0',1),
	('394','37','109','357','0',1),
	('395','37','109','357','0',1),
	('396','12','34','279','0',1),
	('397','12','36','279','0',1),
	('398','12','36','279','0',1),
	('399','12','36','279','0',1),
	('400','12','34','279','0',1),
	('401','23','69','291','0',1),
	('402','23','69','291','0',1),
	('403','23','69','291','0',1),
	('404','23','67','291','0',1),
	('405','23','67','291','0',1),
	('406','34','100','313','0',1),
	('407','10','28','313','0',1),
	('408','34','100','313','0',1),
	('409','10','28','313','0',1),
	('410','34','100','313','0',1),
	('411','34','101','313','0',1),
	('412','16','46','278','0',1),
	('413','14','40','278','0',1),
	('414','3','7','320','0',1),
	('415','5','15','320','0',1),
	('416','3','7','320','0',1),
	('417','5','15','320','0',1),
	('418','5','15','320','0',1),
	('419','3','7','320','0',1),
	('420','20','59','252','0',1),
	('421','15','43','252','0',1),
	('422','20','58','252','0',1),
	('423','20','58','252','0',1),
	('424','15','44','252','0',1),
	('425','15','44','252','0',1),
	('426','11','31','316','0',1),
	('427','11','32','316','0',1),
	('428','11','33','316','0',1),
	('429','11','31','316','0',1),
	('430','7','21','345','0',1),
	('431','32','94','345','0',1),
	('432','32','94','345','0',1),
	('433','32','96','345','0',1),
	('434','4','11','260','0',1),
	('435','4','10','260','0',1),
	('437','38','112','260','0',1),
	('438','4','10','260','0',1),
	('439','4','10','260','0',1),
	('440','4','10','260','0',1),
	('441','26','76','251','0',1),
	('444','26','78','251','0',1),
	('445','26','76','251','0',1),
	('446','33','97','354','0',1),
	('448','2','4','354','0',1),
	('449','12','34','346','0',1),
	('451','12','34','346','0',1),
	('452','12','34','346','0',1),
	('453','12','34','346','0',1),
	('454','12','34','346','0',1),
	('455','27','79','245','0',1),
	('456','27','79','245','0',1),
	('457','28','82','343','0',1),
	('458','15','43','343','0',1),
	('459','15','43','343','0',1),
	('460','29','86','352','0',1),
	('461','3','8','352','0',1),
	('462','3','7','352','0',1),
	('463','29','87','352','0',1),
	('464','29','86','352','0',1),
	('465','3','7','352','0',1),
	('466','3','8','352','0',1),
	('467','3','9','352','0',1),
	('468','39','115','310','0',1),
	('469','7','19','310','0',1),
	('470','39','116','310','0',1),
	('471','39','117','310','0',1),
	('472','39','117','310','0',1),
	('473','39','115','310','0',1),
	('474','29','86','269','0',1),
	('475','29','86','269','0',1),
	('476','29','86','269','0',1),
	('477','29','86','269','0',1),
	('478','29','86','269','0',1),
	('479','11','31','266','0',1),
	('480','27','79','266','0',1),
	('481','20','58','294','0',1),
	('482','20','58','294','0',1),
	('483','14','40','255','0',1),
	('484','14','41','255','0',1),
	('485','36','106','255','0',1),
	('486','36','107','255','0',1),
	('487','36','108','255','0',1),
	('488','36','107','255','0',1),
	('489','36','108','255','0',1),
	('490','11','31','336','0',1),
	('491','4','10','336','0',1),
	('492','4','10','336','0',1),
	('493','11','31','336','0',1),
	('494','11','31','336','0',1),
	('495','4','11','336','0',1),
	('496','11','32','336','0',1),
	('497','39','116','270','0',1),
	('498','39','116','270','0',1),
	('499','32','94','270','0',1),
	('500','39','116','270','0',1),
	('501','39','117','270','0',1),
	('502','29','87','243','0',1),
	('503','29','86','243','0',1),
	('504','29','86','243','0',1),
	('505','29','87','243','0',1),
	('506','29','86','243','0',1),
	('507','7','19','277','0',1),
	('508','7','19','277','0',1),
	('509','34','100','277','0',1),
	('510','3','7','281','0',1),
	('511','3','7','281','0',1),
	('512','38','113','281','0',1),
	('513','3','7','281','0',1),
	('514','3','7','281','0',1),
	('515','3','9','281','0',1),
	('516','12','36','326','0',1),
	('517','12','34','326','0',1),
	('518','12','36','326','0',1),
	('519','12','34','326','0',1),
	('520','12','34','326','0',1),
	('521','27','80','286','0',1),
	('522','27','80','286','0',1),
	('523','27','79','286','0',1),
	('524','27','79','286','0',1),
	('525','27','80','286','0',1),
	('526','37','109','344','0',1),
	('527','37','110','344','0',1),
	('528','37','109','344','0',1),
	('529','30','88','344','0',1),
	('530','37','111','344','0',1),
	('531','37','111','344','0',1),
	('532','5','15','340','0',1),
	('533','31','92','340','0',1),
	('534','31','92','340','0',1),
	('535','14','40','276','0',1),
	('536','14','41','276','0',1),
	('537','21','62','323','0',1),
	('538','28','84','323','0',1),
	('539','28','83','323','0',1),
	('540','21','62','323','0',1),
	('541','21','61','323','0',1),
	('542','21','63','323','0',1),
	('543','21','63','323','0',1),
	('544','20','58','314','0',1),
	('545','20','58','314','0',1),
	('546','23','67','314','0',1),
	('547','20','59','314','0',1),
	('548','20','60','314','0',1),
	('549','20','60','314','0',1),
	('550','39','115','290','0',1),
	('551','39','116','290','0',1),
	('552','4','10','261','0',1),
	('553','4','11','261','0',1),
	('554','3','8','261','0',1),
	('555','3','7','261','0',1),
	('556','35','105','338','0',1),
	('557','35','104','338','0',1),
	('558','35','104','338','0',1),
	('559','40','119','338','0',1),
	('560','9','25','272','0',1),
	('561','9','25','272','0',1),
	('562','9','25','272','0',1),
	('563','9','25','272','0',1),
	('564','35','103','338','0',1),
	('565','2','4','272','0',1),
	('566','2','4','272','0',1),
	('567','22','64','280','0',1),
	('568','22','66','280','0',1),
	('569','7','19','280','0',1),
	('570','22','66','280','0',1),
	('571','22','64','280','0',1),
	('572','7','21','280','0',1),
	('573','12','35','312','0',1),
	('574','12','34','312','0',1),
	('575','18','53','335','0',1),
	('576','18','54','335','0',1),
	('577','18','53','335','0',1),
	('578','18','53','335','0',1),
	('579','18','54','335','0',1),
	('580','30','89','341','0',1),
	('581','30','88','341','0',1),
	('582','30','88','341','0',1),
	('583','30','90','341','0',1),
	('584','30','90','341','0',1),
	('585','34','100','347','0',1),
	('586','34','102','347','0',1),
	('587','34','100','347','0',1),
	('588','34','100','347','0',1),
	('589','1','1','347','0',1),
	('590','34','100','347','0',1),
	('591','27','79','325','0',1),
	('592','26','76','325','0',1),
	('593','27','79','325','0',1),
	('594','26','76','325','0',1),
	('595','27','79','325','0',1),
	('596','26','78','325','0',1),
	('597','27','79','325','0',1),
	('599','2','4','355','0',1),
	('600','2','4','355','0',1),
	('601','2','4','355','0',1),
	('602','2','4','355','0',1),
	('603','2','5','355','0',1),
	('604','8','22','356','0',1),
	('605','8','22','356','0',1),
	('606','14','40','356','0',1),
	('607','8','24','356','0',1),
	('608','8','22','356','0',1),
	('609','8','24','356','0',1),
	('610','39','115','319','0',1),
	('611','35','104','284','0',1),
	('612','31','92','284','0',1),
	('613','31','91','284','0',1),
	('614','31','91','284','0',1),
	('615','20','59','350','0',1),
	('616','22','65','350','0',1),
	('617','22','66','350','0',1),
	('618','20','60','350','0',1),
	('619','20','59','350','0',1),
	('620','19','57','359','0',1),
	('621','19','57','359','0',1),
	('622','19','55','359','0',1),
	('623','19','57','359','0',1),
	('624','19','55','359','0',1),
	('625','12','34','361','0',1),
	('626','12','36','361','0',1),
	('627','12','34','361','0',1),
	('628','12','34','361','0',1),
	('629','12','34','361','0',1),
	('630','18','53','362','0',1),
	('631','3','8','362','0',1),
	('632','18','53','362','0',1),
	('633','18','53','362','0',1),
	('634','18','53','362','0',1),
	('635','18','54','362','0',1),
	('636','39','115','363','0',1),
	('637','39','116','363','0',1),
	('638','39','115','363','0',1),
	('639','26','78','363','0',1),
	('640','39','117','363','0',1),
	('641','26','78','363','0',1),
	('642','37','109','364','0',1),
	('643','37','109','364','0',1),
	('644','9','26','364','0',1),
	('645','37','109','364','0',1),
	('646','37','110','364','0',1),
	('647','37','109','364','0',1),
	('648','18','53','365','0',1),
	('649','18','53','365','0',1),
	('650','18','53','365','0',1),
	('651','18','53','365','0',1),
	('652','39','115','365','0',1),
	('653','18','53','365','0',1),
	('654','37','110','366','0',1),
	('655','37','110','366','0',1),
	('656','12','34','366','0',1),
	('657','12','35','366','0',1),
	('658','37','110','366','0',1),
	('659','12','35','366','0',1),
	('660','37','110','366','0',1),
	('661','37','111','366','0',1),
	('662','37','110','367','0',1),
	('663','37','110','367','0',1),
	('664','18','53','367','0',1),
	('665','18','53','367','0',1),
	('666','18','53','367','0',1),
	('667','37','109','367','0',1),
	('668','37','109','367','0',1),
	('669','18','53','367','0',1),
	('670','18','52','367','0',1);

UNLOCK TABLES;


#
# Table structure for table 'matches'
#

DROP TABLE IF EXISTS `matches`;
CREATE TABLE `matches` (
  `id` int(10) unsigned NOT NULL AUTO_INCREMENT,
  `bracket_id` int(5) unsigned DEFAULT NULL,
  `court_id` int(5) unsigned DEFAULT NULL,
  `team1` int(5) unsigned DEFAULT NULL,
  `team2` int(5) unsigned DEFAULT NULL,
  `datetime` datetime DEFAULT NULL,
  `identifier` tinyint(3) unsigned DEFAULT NULL,
  `status` tinyint(1) unsigned DEFAULT NULL,
  PRIMARY KEY (`id`),
  KEY `id_2` (`id`),
  KEY `id` (`id`)
) ENGINE=InnoDB AUTO_INCREMENT=368 DEFAULT CHARSET=latin1;



#
# Dumping data for table 'matches'
#

LOCK TABLES `matches` WRITE;

INSERT INTO `matches` (`id`, `bracket_id`, `court_id`, `team1`, `team2`, `datetime`, `identifier`, `status`) VALUES
	('1','1',NULL,'21','23',NULL,NULL,NULL),
	('2','1',NULL,'6','11',NULL,NULL,NULL),
	('3','1',NULL,'5','29',NULL,NULL,NULL),
	('4','1',NULL,'39','22',NULL,NULL,NULL),
	('5','1',NULL,'27','35',NULL,NULL,NULL),
	('6','1',NULL,'18','25',NULL,NULL,NULL),
	('7','1',NULL,'34','32',NULL,NULL,NULL),
	('8','1',NULL,'38','16','2010-01-29 18:21:24',NULL,NULL),
	('9','1',NULL,'1','9','2010-01-29 12:15:21',NULL,NULL),
	('10','1',NULL,'8','17',NULL,NULL,NULL),
	('11','1',NULL,'30','26',NULL,NULL,NULL),
	('12','1',NULL,'15','20',NULL,NULL,NULL),
	('13','1',NULL,'19','37','2010-01-30 13:46:56',NULL,1),
	('14','1',NULL,'2','4',NULL,NULL,NULL),
	('15','1',NULL,'14','36',NULL,NULL,NULL),
	('16','1',NULL,'31','3',NULL,NULL,NULL),
	('17','1',NULL,'7','10',NULL,NULL,NULL),
	('18','1',NULL,'13','24','2010-02-07 17:51:59',NULL,NULL),
	('19','1',NULL,'33','40',NULL,NULL,NULL),
	('20','1',NULL,'4','38',NULL,NULL,NULL),
	('21','1',NULL,'28','21',NULL,NULL,NULL),
	('22','1',NULL,'4','31',NULL,NULL,NULL),
	('23','1',NULL,'5','12',NULL,NULL,NULL),
	('24','1',NULL,'24','1',NULL,NULL,NULL),
	('25','1',NULL,'6','35',NULL,NULL,NULL),
	('26','1',NULL,'27','11',NULL,NULL,NULL),
	('27','1',NULL,'32','39',NULL,NULL,NULL),
	('28','1',NULL,'29','16',NULL,NULL,NULL),
	('29','1',NULL,'9','34','2010-01-30 13:44:23',NULL,1),
	('30','1',NULL,'18','8','2010-01-29 18:21:14',NULL,1),
	('31','1',NULL,'23','30',NULL,NULL,NULL),
	('32','1',NULL,'22','15',NULL,NULL,NULL),
	('33','1',NULL,'19','26',NULL,NULL,NULL),
	('34','1',NULL,'13','1',NULL,NULL,NULL),
	('35','1',NULL,'36','17',NULL,NULL,NULL),
	('36','1',NULL,'2','3',NULL,NULL,NULL),
	('37','1',NULL,'25','24',NULL,NULL,NULL),
	('38','1',NULL,'25','8',NULL,NULL,NULL),
	('39','1',NULL,'25','13',NULL,NULL,NULL),
	('40','1',NULL,'25','33',NULL,NULL,NULL),
	('41','1',NULL,'20','28',NULL,NULL,NULL),
	('42','1',NULL,'21','37',NULL,NULL,NULL),
	('43','1',NULL,'38','5',NULL,NULL,NULL),
	('44','1',NULL,'12','14',NULL,NULL,NULL),
	('45','1',NULL,'35','4',NULL,NULL,NULL),
	('46','1',NULL,'27','6',NULL,NULL,NULL),
	('47','1',NULL,'32','7',NULL,NULL,NULL),
	('48','1',NULL,'10','39',NULL,NULL,NULL),
	('49','1',NULL,'40','9',NULL,NULL,NULL),
	('50','1',NULL,'35','2',NULL,NULL,NULL),
	('51','1',NULL,'11','4',NULL,NULL,NULL),
	('52','1',NULL,'11','2',NULL,NULL,NULL),
	('53','1',NULL,'19','30',NULL,NULL,NULL),
	('54','1',NULL,'1','34',NULL,NULL,NULL),
	('55','1',NULL,'16','36',NULL,NULL,NULL),
	('56','1',NULL,'3','29','2010-01-28 11:59:23',NULL,1),
	('57','1',NULL,'14','8','2010-01-28 11:44:13',NULL,1),
	('58','1',NULL,'23','37','2010-01-27 14:36:08',NULL,1),
	('59','1',NULL,'18','13','2010-01-26 18:32:24',NULL,1),
	('60','1',NULL,'33','24','2010-01-26 18:30:13',NULL,1),
	('61','1',NULL,'22','20','2010-01-25 22:49:33',NULL,1),
	('62','1',NULL,'15','28','2010-01-26 18:30:02',NULL,1),
	('63','1',NULL,'31','38','2010-01-26 18:31:24',NULL,1),
	('64','1',NULL,'37','26','2010-01-26 18:32:34',NULL,1),
	('65','1',NULL,'37','30','2010-01-28 09:54:44',NULL,1),
	('66','1',NULL,'2','31','2010-01-28 11:44:17',NULL,1),
	('67','1',NULL,'15','21','2010-01-29 01:11:23',NULL,1),
	('68','1',NULL,'7','39',NULL,NULL,NULL),
	('69','1',NULL,'9','32',NULL,NULL,NULL),
	('70','1',NULL,'32','10',NULL,NULL,NULL),
	('71','1',NULL,'1','32',NULL,NULL,NULL),
	('72','1',NULL,'11','35',NULL,NULL,NULL),
	('73','1',NULL,'29','14',NULL,NULL,NULL),
	('74','1',NULL,'40','34',NULL,NULL,NULL),
	('75','1',NULL,'16','12',NULL,NULL,NULL),
	('76','1',NULL,'25','36',NULL,NULL,NULL),
	('77','1',NULL,'3','5',NULL,NULL,NULL),
	('78','1',NULL,'23','19',NULL,NULL,NULL),
	('79','1',NULL,'18','33',NULL,NULL,NULL),
	('80','1',NULL,'39','20',NULL,NULL,NULL),
	('81','1',NULL,'39','15',NULL,NULL,NULL),
	('82','1',NULL,'22','28',NULL,NULL,NULL),
	('83','1',NULL,'6','2',NULL,NULL,NULL),
	('84','1',NULL,'26','27',NULL,NULL,NULL),
	('85','1',NULL,'28','19',NULL,NULL,NULL),
	('86','1',NULL,'28','23',NULL,NULL,NULL),
	('87','1',NULL,'9','7',NULL,NULL,NULL),
	('88','1',NULL,'12','8',NULL,NULL,NULL),
	('89','1',NULL,'12','36',NULL,NULL,NULL),
	('90','1',NULL,'10','15',NULL,NULL,NULL),
	('91','1',NULL,'10','22',NULL,NULL,NULL),
	('92','1',NULL,'35','31',NULL,NULL,NULL),
	('93','1',NULL,'38','29',NULL,NULL,NULL),
	('94','1',NULL,'14','17',NULL,NULL,NULL),
	('95','1',NULL,'40','1',NULL,NULL,NULL),
	('96','1',NULL,'24','40',NULL,NULL,NULL),
	('97','1',NULL,'4','3',NULL,NULL,NULL),
	('98','1',NULL,'5','16',NULL,NULL,NULL),
	('99','1',NULL,'33','13',NULL,NULL,NULL),
	('100','1',NULL,'20','21',NULL,NULL,NULL),
	('101','1',NULL,'13','40',NULL,NULL,NULL),
	('102','1',NULL,'16','14',NULL,NULL,NULL),
	('103','1',NULL,'30','6',NULL,NULL,NULL),
	('104','1',NULL,'37','27',NULL,NULL,NULL),
	('105','1',NULL,'26','11',NULL,NULL,NULL),
	('106','1',NULL,'26','6',NULL,NULL,NULL),
	('107','1',NULL,'34','7',NULL,NULL,NULL),
	('108','1',NULL,'29','12',NULL,NULL,NULL),
	('109','1',NULL,'36','8',NULL,NULL,NULL),
	('110','1',NULL,'18','14',NULL,NULL,NULL),
	('111','1',NULL,'18','36',NULL,NULL,NULL),
	('112','1',NULL,'21','19',NULL,NULL,NULL),
	('113','1',NULL,'20','23',NULL,NULL,NULL),
	('114','1',NULL,'24','9',NULL,NULL,NULL),
	('115','1',NULL,'33','8',NULL,NULL,NULL),
	('116','1',NULL,'3','38',NULL,NULL,NULL),
	('117','1',NULL,'7','22',NULL,NULL,NULL),
	('118','1',NULL,'31','5',NULL,NULL,NULL),
	('119','1',NULL,'30','27',NULL,NULL,NULL),
	('120','1',NULL,'34','10',NULL,NULL,NULL),
	('241','5',NULL,'21','23','2010-02-05 14:58:04',NULL,1),
	('242','5',NULL,'6','11','2010-02-05 14:04:23',NULL,1),
	('243','5',NULL,'5','29','2010-02-07 11:12:44',NULL,1),
	('244','5',NULL,'39','22','2010-02-06 13:13:22',NULL,1),
	('245','5',NULL,'27','35','2010-02-06 19:04:38',NULL,1),
	('246','5',NULL,'25','33','2010-02-06 13:12:40',NULL,1),
	('247','5',NULL,'18','8','2010-02-05 14:28:11',NULL,1),
	('248','5',NULL,'34','32','2010-02-06 15:22:30',NULL,1),
	('249','5',NULL,'38','16','2010-02-05 15:31:01',NULL,1),
	('250','5',NULL,'1','9','2010-02-05 13:44:26',NULL,1),
	('251','5',NULL,'30','26','2010-02-06 18:33:34',NULL,1),
	('252','5',NULL,'15','20','2010-02-06 17:52:57',NULL,1),
	('253','5',NULL,'19','37','2010-02-06 13:11:39',NULL,1),
	('254','5',NULL,'40','4','2010-02-06 13:13:42',NULL,1),
	('255','5',NULL,'14','36','2010-02-07 10:41:18',NULL,1),
	('256','5',NULL,'31','3','2010-02-06 13:12:48',NULL,1),
	('257','5',NULL,'7','10','2010-02-06 15:43:59',NULL,1),
	('258','5',NULL,'13','24','2010-02-05 19:07:59',NULL,1),
	('259','5',NULL,'20','28','2010-02-06 13:12:17',NULL,1),
	('260','5',NULL,'4','38','2010-02-06 18:24:47',NULL,1),
	('261','5',NULL,'4','3','2010-02-07 13:24:10',NULL,1),
	('262','5',NULL,'4','31','2010-02-06 15:34:11',NULL,1),
	('263','5',NULL,'5','12','2010-02-06 13:13:13',NULL,1),
	('264','5',NULL,'24','1','2010-02-05 14:37:23',NULL,1),
	('265','5',NULL,'6','35','2010-02-06 14:14:53',NULL,1),
	('266','5',NULL,'27','11','2010-02-06 13:14:21',NULL,1),
	('267','5',NULL,'25','8','2010-02-05 13:57:34',NULL,1),
	('268','5',NULL,'18','33','2010-02-06 13:14:05',NULL,1),
	('269','5',NULL,'29','16','2010-02-06 13:14:33',NULL,1),
	('270','5',NULL,'32','39','2010-02-07 11:01:15',NULL,1),
	('271','5',NULL,'23','30','2010-02-06 13:14:14',NULL,1),
	('272','5',NULL,'2','9','2010-02-07 12:12:23',NULL,1),
	('273','5',NULL,'22','15','2010-02-05 19:28:37',NULL,1),
	('274','5',NULL,'21','19','2010-02-05 16:59:05',NULL,1),
	('275','5',NULL,'37','26','2010-02-06 13:09:49',NULL,1),
	('276','5',NULL,'14','17','2010-02-07 12:38:49',NULL,1),
	('277','5',NULL,'34','7','2010-02-07 11:21:57',NULL,1),
	('278','5',NULL,'16','14','2010-02-06 17:25:41',NULL,1),
	('279','5',NULL,'16','12','2010-02-06 17:00:46',NULL,1),
	('280','5',NULL,'7','22','2010-02-07 13:46:23',NULL,1),
	('281','5',NULL,'3','38','2010-02-07 11:33:52',NULL,1),
	('282','5',NULL,'40','31','2010-02-05 15:21:00',NULL,1),
	('283','5',NULL,'2','1','2010-02-06 16:40:27',NULL,1),
	('284','5',NULL,'35','31','2010-02-07 15:13:44',NULL,1),
	('285','5',NULL,'35','4','2010-02-06 13:12:30',NULL,1),
	('286','5',NULL,'27','6','2010-02-07 11:49:43',NULL,1),
	('287','5',NULL,'25','13','2010-02-05 15:09:01',NULL,1),
	('288','5',NULL,'18','36','2010-02-06 13:12:08',NULL,1),
	('289','5',NULL,'33','24','2010-02-07 12:56:02',NULL,1),
	('290','5',NULL,'10','39','2010-02-07 13:16:11',NULL,1),
	('291','5',NULL,'28','23','2010-02-06 17:11:10',NULL,1),
	('292','5',NULL,'9','32','2010-02-05 14:46:56',NULL,1),
	('293','5',NULL,'23','37','2010-02-05 16:48:25',NULL,1),
	('294','5',NULL,'20','21','2010-02-06 13:13:44',NULL,1),
	('295','5',NULL,'19','30','2010-02-06 14:57:19',NULL,1),
	('296','5',NULL,'26','11','2010-02-06 15:52:48',NULL,1),
	('297','5',NULL,'8','17','2010-02-05 16:15:44',NULL,1),
	('298','5',NULL,'29','14','2010-02-06 16:11:34',NULL,1),
	('299','5',NULL,'5','16','2010-02-06 13:10:09',NULL,1),
	('300','5',NULL,'40','3','2010-02-06 15:07:40',NULL,1),
	('301','5',NULL,'19','26','2010-02-05 18:58:25',NULL,1),
	('302','5',NULL,'15','21','2010-02-05 17:29:09',NULL,1),
	('303','5',NULL,'2','34','2010-02-06 13:11:55',NULL,1),
	('304','5',NULL,'31','38','2010-02-05 16:27:02',NULL,1),
	('305','5',NULL,'30','27','2010-02-06 13:10:02',NULL,1),
	('306','5',NULL,'32','10','2010-02-05 14:15:38',NULL,1),
	('307','5',NULL,'13','1','2010-02-05 17:49:44',NULL,1),
	('308','5',NULL,'12','36','2010-02-06 14:36:54',NULL,1),
	('309','5',NULL,'25','24','2010-02-05 17:18:56',NULL,1),
	('310','5',NULL,'7','39','2010-02-06 20:35:34',NULL,1),
	('311','5',NULL,'22','28','2010-02-06 14:43:37',NULL,1),
	('312','5',NULL,'29','12','2010-02-07 13:53:01',NULL,1),
	('313','5',NULL,'34','10','2010-02-06 17:21:48',NULL,1),
	('314','5',NULL,'20','23','2010-02-07 12:55:51',NULL,1),
	('315','5',NULL,'18','13','2010-02-06 16:17:54',NULL,1),
	('316','5',NULL,'11','35','2010-02-06 18:03:08',NULL,1),
	('317','5',NULL,'33','17','2010-02-06 16:02:29',NULL,1),
	('318','5',NULL,'39','20','2010-02-06 16:25:59',NULL,1),
	('319','5',NULL,'39','15','2010-02-07 15:00:20',NULL,1),
	('320','5',NULL,'3','5','2010-02-06 17:42:27',NULL,1),
	('321','5',NULL,'6','40','2010-02-05 15:54:29',NULL,1),
	('322','5',NULL,'21','37','2010-02-06 14:23:05',NULL,1),
	('323','5',NULL,'28','21','2010-02-07 12:48:29',NULL,1),
	('324','5',NULL,'9','7','2010-02-06 13:12:59',NULL,1),
	('325','5',NULL,'26','27','2010-02-07 14:34:13',NULL,1),
	('326','5',NULL,'12','8','2010-02-07 11:42:06',NULL,1),
	('327','5',NULL,'1','32','2010-02-05 15:43:59',NULL,1),
	('328','5',NULL,'16','36','2010-02-05 17:08:20',NULL,1),
	('329','5',NULL,'24','2','2010-02-06 14:01:29',NULL,1),
	('330','5',NULL,'10','22','2010-02-05 18:48:35',NULL,1),
	('331','5',NULL,'24','9','2010-02-05 16:04:48',NULL,1),
	('332','5',NULL,'38','29','2010-02-06 15:14:05',NULL,1),
	('333','5',NULL,'36','8','2010-02-05 18:16:31',NULL,1),
	('334','5',NULL,'23','19','2010-02-05 18:06:45',NULL,1),
	('335','5',NULL,'18','25','2010-02-07 14:06:20',NULL,1),
	('336','5',NULL,'11','4','2010-02-07 10:50:59',NULL,1),
	('337','5',NULL,'33','13','2010-02-05 13:36:46',NULL,1),
	('338','5',NULL,'35','40','2010-02-07 13:37:33',NULL,1),
	('339','5',NULL,'11','40','2010-02-05 18:38:08',NULL,1),
	('340','5',NULL,'31','5','2010-02-07 12:11:42',NULL,1),
	('341','5',NULL,'30','6','2010-02-07 14:12:38',NULL,1),
	('342','5',NULL,'26','6','2010-02-05 17:56:35',NULL,1),
	('343','5',NULL,'15','28','2010-02-06 19:15:49',NULL,1),
	('344','5',NULL,'37','30','2010-02-07 12:00:22',NULL,1),
	('345','5',NULL,'32','7','2010-02-06 18:13:48',NULL,1),
	('346','5',NULL,'12','14','2010-02-06 18:57:28',NULL,1),
	('347','5',NULL,'1','34','2010-02-07 14:21:55',NULL,1),
	('348','5',NULL,'17','18','2010-02-05 17:39:12',NULL,1),
	('349','5',NULL,'25','17','2010-02-05 18:27:25',NULL,1),
	('350','5',NULL,'22','20','2010-02-07 15:25:05',NULL,1),
	('351','5',NULL,'9','34','2010-02-06 13:42:06',NULL,1),
	('352','5',NULL,'3','29','2010-02-06 19:29:31',NULL,1),
	('353','5',NULL,'36','17','2010-02-05 19:19:07',NULL,1),
	('354','5',NULL,'33','2','2010-02-06 18:46:14',NULL,1),
	('355','5',NULL,'13','2','2010-02-07 14:43:37',NULL,1),
	('356','5',NULL,'14','8','2010-02-07 14:51:54',NULL,1),
	('357','5',NULL,'37','27','2010-02-06 16:51:48',NULL,1),
	('358','5',NULL,'38','5','2010-02-06 13:51:56',NULL,1),
	('359','5',NULL,'28','19','2010-02-07 15:32:35',NULL,1),
	('360','5',NULL,'10','15','2010-02-05 16:36:59',NULL,1),
	('361','5',NULL,'12','20','2010-02-07 15:55:41',NULL,1),
	('362','5',NULL,'18','3','2010-02-07 16:13:48',NULL,1),
	('363','5',NULL,'39','26','2010-02-07 16:30:33',NULL,1),
	('364','5',NULL,'9','37','2010-02-07 16:48:46',NULL,1),
	('365','5',NULL,'18','39','2010-02-07 17:11:34',NULL,1),
	('366','5',NULL,'37','12','2010-02-07 17:34:45',NULL,1),
	('367','5',NULL,'18','37','2010-02-07 18:16:13',NULL,1);

UNLOCK TABLES;


#
# Table structure for table 'players'
#

DROP TABLE IF EXISTS `players`;
CREATE TABLE `players` (
  `id` int(10) unsigned NOT NULL AUTO_INCREMENT,
  `name` varchar(50) DEFAULT NULL,
  `surname` varchar(50) DEFAULT NULL,
  `email` varchar(50) DEFAULT NULL,
  `tshirtsize` varchar(3) DEFAULT NULL,
  `nick` varchar(50) DEFAULT NULL,
  PRIMARY KEY (`id`),
  KEY `id` (`id`)
) ENGINE=InnoDB AUTO_INCREMENT=121 DEFAULT CHARSET=latin1;



#
# Dumping data for table 'players'
#

LOCK TABLES `players` WRITE;

INSERT INTO `players` (`id`, `name`, `surname`, `email`, `tshirtsize`, `nick`) VALUES
	('1','Daniel Adriaans','','','',''),
	('2','David Schmitt','','','',''),
	('3','Sascha Georg','','','',''),
	('4','Marc Sich','','','',''),
	('5','Luis David','','','',''),
	('6','Alex','','','',''),
	('7','Brendan McNamee','','','',''),
	('8','Aidan Earl','','','',''),
	('9','Dave Tappy','','','',''),
	('10','Mathias Jestrinski','','','',''),
	('11','Danny Balzer','','','',''),
	('12','Niko','','','',''),
	('13','David Beerli','','','',''),
	('14','Domonique Candik','','','',''),
	('15','Jerome Thierit','','','',''),
	('16','Salome Thierstein','','','',''),
	('17','Ruedy Bollack','','','',''),
	('18','Beda Kamm','','','',''),
	('19','Marc Brockmann','','','',''),
	('20','Stefan Lechleitner','','','',''),
	('21','Morgan Allen','','','',''),
	('22','Roxy Erickson','','','',''),
	('23','Holger Patzelt','','','',''),
	('24','Oli','','','',''),
	('25','Steffen Mackert','','','',''),
	('26','Hannes Hengst','','','',''),
	('27','Marc Malkowski','','','',''),
	('28','David Stuhldreier','','','',''),
	('29','Alexander Bucher','','','',''),
	('30','Peter Becker','','','',''),
	('31','Mat Horwood','','','',''),
	('32','Tom Williams','','','',''),
	('33','Andrew Todd','','','',''),
	('34','Hugo Laquerbe','','','',''),
	('35','Pierre','','','',''),
	('36','Surprise','','','',''),
	('37','Lucas Prescivalle','','','',''),
	('38','Tomaso Belle','','','',''),
	('39','Enrico Belle','','','',''),
	('40','Thommy','','','',''),
	('41','Tim','','','',''),
	('42','Tom','','','',''),
	('43','Quentin Bailat','','','',''),
	('44','Johan Binggeli','','','',''),
	('45','Clement Bailat','','','',''),
	('46','Takahiro Honda','','','',''),
	('47','Lorenzo Bassani','','','',''),
	('48','Djee-Djee','','','',''),
	('49','Simon Hansmann','','','',''),
	('50','Agata','','','',''),
	('51','Ede/Paul','','','',''),
	('52','Lukas Keller','','','',''),
	('53','Manuel Loup','','','',''),
	('54','Mario Rhyner','','','',''),
	('55','Sarah Cole','','','',''),
	('56','Jo Shippey','','','',''),
	('57','Ali Warwood','','','',''),
	('58','Andrew Fernandez','','','',''),
	('59','Iain Pate','','','',''),
	('60','Matt Vidal','','','',''),
	('61','Thomas Metz','','','',''),
	('62','Alexander Schindel','','','',''),
	('63','Max Thomas','','','',''),
	('64','Gregory Barbier','','','',''),
	('65','Matthieur Bachelier','','','',''),
	('66','Mathieu Battelier','','','',''),
	('67','Andrew McRae','','','',''),
	('68','Miroslaw Steadman','','','',''),
	('69','Adam Russ','','','',''),
	('70','Frederick Stautz','','','',''),
	('71','Markus Wenda','','','',''),
	('72','Jonas Kölbel','','','',''),
	('73','Bozo','','','',''),
	('74','Ortu','','','',''),
	('75','Frank','','','',''),
	('76','Recep Ye&#351;il','','','',''),
	('77','Oli Witzemann','','','',''),
	('78','Oli Scheib','','','',''),
	('79','Lorenz Böck','','','',''),
	('80','Til Ludwig','','','',''),
	('81','Marcus Brenner','','','',''),
	('82','Anja Müller','','','',''),
	('83','Angeliki Tsokou','','','',''),
	('84','Katrin Moder','','','',''),
	('85','Anna-Catharina Arnold','','','',''),
	('86','David Löffler','','','',''),
	('87','Moritz Trautmann','','','',''),
	('88','Niels','','','',''),
	('89','Florian Hertweck','','','',''),
	('90','Hannes','','','',''),
	('91','Daniele Barcheri','','','',''),
	('92','Sebastian Feix','','','',''),
	('93','Dennis Fischer','','','',''),
	('94','Stefano Cento','','','',''),
	('95','Tobia Molinari','','','',''),
	('96','Gianluca Peloso','','','',''),
	('97','Emilie Charter-Obrien','','','',''),
	('98','Ricardo Campano','','','',''),
	('99','Gabriel Bucknall','','','',''),
	('100','Nicolas Veyssiere','','','',''),
	('101','Alexandre Rabineau','','','',''),
	('102','Henri Riton','','','',''),
	('103','Lorenzo Z&uuml;rcher','','','',''),
	('104','David Steinhorst','','','',''),
	('105','Nora Orha','','','',''),
	('106','Rupert Evans-Harding','','','',''),
	('107','Marc Hill','','','',''),
	('108','Bill Chidley','','','',''),
	('109','Andreas "Shustar" Schuster','','','',''),
	('110','Eduard "Special Ed" Krämer','','','',''),
	('111','James R. Miller','','','',''),
	('112','Bernd Kromer','','','',''),
	('113','Saade Ye&#351;il','','','',''),
	('114','Daniel Meier','','','',''),
	('115','Yorgo Tloupas','','','',''),
	('116','Mike Kangelos','','','',''),
	('117','Hassan Raheem','','','',''),
	('118','tba','','','',''),
	('119','tba','','','',''),
	('120','tba','','','','');

UNLOCK TABLES;


#
# Table structure for table 'playing_times'
#

DROP TABLE IF EXISTS `playing_times`;
CREATE TABLE `playing_times` (
  `id` int(5) unsigned NOT NULL AUTO_INCREMENT,
  `tournament_id` int(5) unsigned DEFAULT NULL,
  `court` int(5) unsigned DEFAULT NULL,
  `begin` datetime DEFAULT NULL,
  `end` datetime DEFAULT NULL,
  PRIMARY KEY (`id`),
  KEY `id` (`id`)
) ENGINE=InnoDB AUTO_INCREMENT=4 DEFAULT CHARSET=latin1;



#
# Dumping data for table 'playing_times'
#

LOCK TABLES `playing_times` WRITE;

INSERT INTO `playing_times` (`id`, `tournament_id`, `court`, `begin`, `end`) VALUES
	('1','3',NULL,'2010-02-05 13:00:00','2010-02-05 18:50:00'),
	('2','3','0','2010-02-06 10:00:00','2010-02-06 19:40:00'),
	('3','3',NULL,'2010-02-07 10:30:00','2010-02-07 19:00:00');

UNLOCK TABLES;


#
# Table structure for table 'registration'
#

DROP TABLE IF EXISTS `registration`;
CREATE TABLE `registration` (
  `id` int(5) unsigned NOT NULL AUTO_INCREMENT,
  `team_id` int(5) unsigned DEFAULT NULL,
  `tournament_id` int(5) unsigned DEFAULT NULL,
  `registered_date` datetime DEFAULT NULL,
  `registered_by` int(5) unsigned DEFAULT NULL,
  `status` tinyint(3) unsigned DEFAULT NULL,
  PRIMARY KEY (`id`)
) ENGINE=InnoDB AUTO_INCREMENT=41 DEFAULT CHARSET=latin1;



#
# Dumping data for table 'registration'
#

LOCK TABLES `registration` WRITE;

INSERT INTO `registration` (`id`, `team_id`, `tournament_id`, `registered_date`, `registered_by`, `status`) VALUES
	('1','1','3','2010-01-19 13:15:49','2',NULL),
	('2','2','3','2010-01-19 13:15:49','2',NULL),
	('3','3','3','2010-01-19 13:15:49','2',NULL),
	('4','4','3','2010-01-19 13:15:49','2',NULL),
	('5','5','3','2010-01-19 13:15:49','2',NULL),
	('6','6','3','2010-01-19 13:15:49','2',NULL),
	('7','7','3','2010-01-19 13:15:49','2',NULL),
	('8','8','3','2010-01-19 13:15:49','2',NULL),
	('9','9','3','2010-01-19 13:15:49','2',NULL),
	('10','10','3','2010-01-19 13:15:49','2',NULL),
	('11','11','3','2010-01-19 13:15:49','2',NULL),
	('12','12','3','2010-01-19 13:15:49','2',NULL),
	('13','13','3','2010-01-19 13:15:49','2',NULL),
	('14','14','3','2010-01-19 13:15:49','2',NULL),
	('15','15','3','2010-01-19 13:25:18','2',NULL),
	('16','16','3','2010-01-19 13:25:18','2',NULL),
	('17','17','3','2010-01-19 13:25:18','2',NULL),
	('18','18','3','2010-01-19 13:25:18','2',NULL),
	('19','19','3','2010-01-19 13:25:18','2',NULL),
	('20','20','3','2010-01-19 13:25:18','2',NULL),
	('21','21','3','2010-01-19 13:25:18','2',NULL),
	('22','22','3','2010-01-19 13:25:18','2',NULL),
	('23','23','3','2010-01-19 13:25:18','2',NULL),
	('24','24','3','2010-01-19 13:25:18','2',NULL),
	('25','25','3','2010-01-19 13:25:18','2',NULL),
	('26','26','3','2010-01-19 13:25:18','2',NULL),
	('27','27','3','2010-01-19 13:25:18','2',NULL),
	('28','28','3','2010-01-19 13:25:18','2',NULL),
	('29','29','3','2010-01-19 13:25:18','2',NULL),
	('30','30','3','2010-01-19 13:25:18','2',NULL),
	('31','31','3','2010-01-19 13:25:18','2',NULL),
	('32','32','3','2010-01-19 13:25:18','2',NULL),
	('33','33','3','2010-01-19 13:25:18','2',NULL),
	('34','34','3','2010-01-19 13:25:18','2',NULL),
	('35','35','3','2010-01-19 13:25:18','2',NULL),
	('36','36','3','2010-01-19 13:25:18','2',NULL),
	('37','37','3','2010-01-19 13:25:18','2',NULL),
	('38','38','3','2010-01-19 13:25:18','2',NULL),
	('39','39','3','2010-01-19 13:25:18','2',NULL),
	('40','40','3','2010-01-19 13:25:18','2',NULL);

UNLOCK TABLES;


#
# Table structure for table 'seeding'
#

DROP TABLE IF EXISTS `seeding`;
CREATE TABLE `seeding` (
  `id` int(5) unsigned NOT NULL AUTO_INCREMENT,
  `team_id` int(5) unsigned DEFAULT NULL,
  `bracket_id` int(5) unsigned DEFAULT NULL,
  `value` tinyint(3) unsigned DEFAULT NULL,
  PRIMARY KEY (`id`)
) ENGINE=InnoDB AUTO_INCREMENT=41 DEFAULT CHARSET=latin1;



#
# Dumping data for table 'seeding'
#

LOCK TABLES `seeding` WRITE;

INSERT INTO `seeding` (`id`, `team_id`, `bracket_id`, `value`) VALUES
	('1','1','4',6),
	('2','2','4',5),
	('3','3','4',30),
	('4','4','4',28),
	('5','5','4',32),
	('6','6','4',24),
	('7','7','4',10),
	('8','8','4',38),
	('9','9','4',7),
	('10','10','4',11),
	('11','11','4',25),
	('12','12','4',35),
	('13','13','4',3),
	('14','14','4',36),
	('15','15','4',14),
	('16','16','4',34),
	('17','17','4',39),
	('18','18','4',0),
	('19','19','4',19),
	('20','20','4',15),
	('21','21','4',17),
	('22','22','4',13),
	('23','23','4',18),
	('24','24','4',4),
	('25','25','4',1),
	('26','26','4',22),
	('27','27','4',23),
	('28','28','4',16),
	('29','29','4',33),
	('30','30','4',21),
	('31','31','4',29),
	('32','32','4',9),
	('33','33','4',2),
	('34','34','4',8),
	('35','35','4',26),
	('36','36','4',37),
	('37','37','4',20),
	('38','38','4',31),
	('39','39','4',12),
	('40','40','4',27);

UNLOCK TABLES;


#
# Table structure for table 'seeding_copy'
#

DROP TABLE IF EXISTS `seeding_copy`;
CREATE TABLE `seeding_copy` (
  `id` int(5) unsigned NOT NULL AUTO_INCREMENT,
  `team_id` int(5) unsigned DEFAULT NULL,
  `bracket_id` int(5) unsigned DEFAULT NULL,
  `value` tinyint(3) unsigned DEFAULT NULL,
  PRIMARY KEY (`id`)
) ENGINE=InnoDB AUTO_INCREMENT=41 DEFAULT CHARSET=latin1;



#
# Dumping data for table 'seeding_copy'
#

LOCK TABLES `seeding_copy` WRITE;

INSERT INTO `seeding_copy` (`id`, `team_id`, `bracket_id`, `value`) VALUES
	('1','1','4',6),
	('2','2','4',27),
	('3','3','4',30),
	('4','4','4',28),
	('5','5','4',32),
	('6','6','4',24),
	('7','7','4',10),
	('8','8','4',38),
	('9','9','4',7),
	('10','10','4',11),
	('11','11','4',25),
	('12','12','4',35),
	('13','13','4',3),
	('14','14','4',36),
	('15','15','4',14),
	('16','16','4',34),
	('17','17','4',39),
	('18','18','4',0),
	('19','19','4',19),
	('20','20','4',15),
	('21','21','4',17),
	('22','22','4',13),
	('23','23','4',18),
	('24','24','4',4),
	('25','25','4',1),
	('26','26','4',22),
	('27','27','4',23),
	('28','28','4',16),
	('29','29','4',33),
	('30','30','4',21),
	('31','31','4',29),
	('32','32','4',9),
	('33','33','4',2),
	('34','34','4',8),
	('35','35','4',26),
	('36','36','4',37),
	('37','37','4',20),
	('38','38','4',31),
	('39','39','4',12),
	('40','40','4',5);

UNLOCK TABLES;


#
# Table structure for table 'settings'
#

DROP TABLE IF EXISTS `settings`;
CREATE TABLE `settings` (
  `id` tinyint(3) unsigned NOT NULL DEFAULT '0',
  `db_host` varchar(70) DEFAULT NULL,
  `db_user` varchar(20) DEFAULT NULL,
  `db_pass` varchar(20) DEFAULT NULL,
  `db_name` varchar(20) DEFAULT NULL,
  `local_date_format` varchar(10) DEFAULT NULL,
  `local_time_format` varchar(10) DEFAULT NULL,
  `date_seperator` varchar(1) DEFAULT NULL,
  PRIMARY KEY (`id`)
) ENGINE=InnoDB DEFAULT CHARSET=latin1;



#
# Dumping data for table 'settings'
#

LOCK TABLES `settings` WRITE;

INSERT INTO `settings` (`id`, `db_host`, `db_user`, `db_pass`, `db_name`, `local_date_format`, `local_time_format`, `date_seperator`) VALUES
	(0,'localhost','root',NULL,'greifmasters','d.m.y','h:i',NULL);

UNLOCK TABLES;


#
# Table structure for table 'teams'
#

DROP TABLE IF EXISTS `teams`;
CREATE TABLE `teams` (
  `id` int(10) unsigned NOT NULL AUTO_INCREMENT,
  `name` varchar(50) DEFAULT NULL,
  `city` varchar(50) DEFAULT NULL,
  `player1` int(5) unsigned DEFAULT NULL,
  `player2` int(5) unsigned DEFAULT NULL,
  `player3` int(5) unsigned DEFAULT NULL,
  `logo` varchar(50) DEFAULT NULL,
  `created_by` int(5) unsigned DEFAULT NULL,
  PRIMARY KEY (`id`)
) ENGINE=InnoDB AUTO_INCREMENT=41 DEFAULT CHARSET=latin1;



#
# Dumping data for table 'teams'
#

LOCK TABLES `teams` WRITE;

INSERT INTO `teams` (`id`, `name`, `city`, `player1`, `player2`, `player3`, `logo`, `created_by`) VALUES
	('1','3P Polo','Bielefeld','1','2','3','Default.gif','2'),
	('2','Apologies Accepted','Paris','4','5','6','Default.gif','2'),
	('3','BAD Polo','London','7','8','9','BadPolo.gif','2'),
	('4','Bambule','Berlin','10','11','12','Default.gif','2'),
	('5','Basel 1','Basel','13','14','15','Default.gif','2'),
	('6','Basel 2','Basel','16','17','18','Default.gif','2'),
	('7','Berlin 1','Berlin','19','20','21','Default.gif','2'),
	('8','ROH rebels','Mixed','22','23','24','Default.gif','2'),
	('9','Candy Colored Clowns','Karlsruhe','25','26','27','CandyColoredClowns.gif','2'),
	('10','Chain Bastards','Konstanz','28','29','30','logo_chain bastards.gif','2'),
	('11','Cosmic3','London','31','32','33','Cosmic.jpg','2'),
	('12','Dans ta Gueule Puceau','Paris','34','35','36','DansTaGueule.gif','2'),
	('13','Stuttgart 2','Stuttgart','37','38','39','Default.gif','2'),
	('14','Flying Mallets','Hannover','40','41','42','Default.gif','2'),
	('15','Iron Ponies','Geneva','43','44','45','IronPony.jpg','2'),
	('16','EHVFXD','Eindhoven','46','47','48','ehvfxd.jpg','2'),
	('17','Schall & Rauch','Karlsruhe','49','50','51','Default.gif','2'),
	('18','L&#39;Equipe','Geneva','52','53','54','Lequipe.jpg','2'),
	('19','Los Conos','London','55','56','57','LosConos.gif','2'),
	('20','Malice International','London','58','59','60','Malice.gif','2'),
	('21','Metz, Schindel & Söhne','Karlsruhe','61','62','63','MetzSchindel.gif','2'),
	('22','MGM','Paris','64','65','66','MGM.jpg','2'),
	('23','Netto Superstars','Manchester','67','68','69','netto.gif','2'),
	('24','O69ers','Frankfurt','70','71','72','o69ers.gif','2'),
	('25','Pipe Gang Dodici Team','Milano','73','74','75','PipeGang.gif','2'),
	('26','Polo d&#39;Oro','Karlsruhe','76','77','78','PoloDoro.gif','2'),
	('27','Poloholic Anonymus','München','79','80','81','Default.gif','2'),
	('28','Poloholica','München','82','83','84','Poloholica.gif','2'),
	('29','POLOsynthese','Frankfurt','85','86','87','Polosynthese.gif','2'),
	('30','Querschläger','Hannover','88','89','90','Default.gif','2'),
	('31','Qui Quo Qua - Stoccarda','Stuttgart','91','92','93','QuiQuoQua.gif','2'),
	('32','Riding in Circle','Vincenza','94','95','96','RidingInCircle.gif','2'),
	('33','Rotten Apples','London','97','98','99','RottenApples.gif','2'),
	('34','Saucy Lobstarz','Paris','100','101','102','SaucyLobstarz.gif','2'),
	('35','Team Burzum Mediolanum','Milano','103','104','105','TeamBurzum.gif','2'),
	('36','Three Beards, One Cup','London','106','107','108','ThreeBeards.gif','2'),
	('37','Toros','München','109','110','111','Default.gif','2'),
	('38','Wheelo','Konstanz','112','113','114','logo_wheelo.gif','2'),
	('39','Zombie United','London','115','116','117','Zombie.gif','2'),
	('40','Greif Bastards','Mixed','118','119','120','Default.gif','2');

UNLOCK TABLES;


#
# Table structure for table 'tournaments'
#

DROP TABLE IF EXISTS `tournaments`;
CREATE TABLE `tournaments` (
  `id` int(5) unsigned NOT NULL AUTO_INCREMENT,
  `name` varchar(50) DEFAULT NULL,
  `city` varchar(50) DEFAULT NULL,
  `begin` date DEFAULT NULL,
  `end` date DEFAULT NULL,
  `status` tinyint(1) unsigned DEFAULT '0',
  `spots_available` int(3) DEFAULT NULL,
  `registration_deadline` date DEFAULT NULL,
  `host` int(5) unsigned DEFAULT NULL,
  `mode` tinyint(2) DEFAULT NULL,
  PRIMARY KEY (`id`)
) ENGINE=InnoDB AUTO_INCREMENT=4 DEFAULT CHARSET=latin1;



#
# Dumping data for table 'tournaments'
#

LOCK TABLES `tournaments` WRITE;

INSERT INTO `tournaments` (`id`, `name`, `city`, `begin`, `end`, `status`, `spots_available`, `registration_deadline`, `host`, `mode`) VALUES
	('3','Greif Masters 2010','Karlsruhe','2010-02-05','2010-02-07',2,40,NULL,NULL,NULL);

UNLOCK TABLES;


#
# Table structure for table 'upc_matches'
#

DROP TABLE IF EXISTS `upc_matches`;
CREATE TABLE `upc_matches` (
  `id` int(10) unsigned NOT NULL AUTO_INCREMENT,
  `match_order` int(3) unsigned DEFAULT NULL,
  `court_id` int(5) unsigned DEFAULT NULL,
  `match_id` int(5) unsigned DEFAULT NULL,
  `ready_team1` tinyint(1) unsigned DEFAULT NULL,
  `ready_team2` tinyint(1) unsigned DEFAULT NULL,
  PRIMARY KEY (`id`),
  KEY `id_2` (`id`),
  KEY `id` (`id`)
) ENGINE=InnoDB AUTO_INCREMENT=367 DEFAULT CHARSET=latin1;



#
# Dumping data for table 'upc_matches'
#

LOCK TABLES `upc_matches` WRITE;

INSERT INTO `upc_matches` (`id`, `match_order`, `court_id`, `match_id`, `ready_team1`, `ready_team2`) VALUES
	('3','97',NULL,'1',NULL,NULL),
	('4','16',NULL,'17',NULL,NULL),
	('5','98',NULL,'2',NULL,NULL),
	('6','99',NULL,'3',NULL,NULL),
	('7','100',NULL,'4',NULL,NULL),
	('8','102',NULL,'5',NULL,NULL),
	('9','101',NULL,'6',NULL,NULL),
	('10','91',NULL,'7',NULL,NULL),
	('11','11',NULL,'8',NULL,NULL),
	('12','14',NULL,'9',NULL,NULL),
	('13','15',NULL,'10',NULL,NULL),
	('14','2',NULL,'11',NULL,NULL),
	('15','3',NULL,'12',NULL,NULL),
	('17','4',NULL,'14',NULL,NULL),
	('18','5',NULL,'15',NULL,NULL),
	('19','7',NULL,'16',NULL,NULL),
	('20','0',NULL,'18',NULL,NULL),
	('21','8',NULL,'19',NULL,NULL),
	('22','1',NULL,'20',NULL,NULL),
	('23','9',NULL,'21',NULL,NULL),
	('24','10',NULL,'22',NULL,NULL),
	('25','12',NULL,'23',NULL,NULL),
	('26','13',NULL,'24',NULL,NULL),
	('27','18',NULL,'25',NULL,NULL),
	('28','19',NULL,'26',NULL,NULL),
	('29','20',NULL,'27',NULL,NULL),
	('30','22',NULL,'28',NULL,NULL),
	('33','23',NULL,'31',NULL,NULL),
	('34','24',NULL,'32',NULL,NULL),
	('35','25',NULL,'33',NULL,NULL),
	('36','6',NULL,'34',NULL,NULL),
	('37','26',NULL,'35',NULL,NULL),
	('38','27',NULL,'36',NULL,NULL),
	('39','21',NULL,'37',NULL,NULL),
	('40','33',NULL,'38',NULL,NULL),
	('41','17',NULL,'39',NULL,NULL),
	('42','28',NULL,'40',NULL,NULL),
	('43','29',NULL,'41',NULL,NULL),
	('44','30',NULL,'42',NULL,NULL),
	('45','31',NULL,'43',NULL,NULL),
	('46','32',NULL,'44',NULL,NULL),
	('47','34',NULL,'45',NULL,NULL),
	('48','35',NULL,'46',NULL,NULL),
	('49','36',NULL,'47',NULL,NULL),
	('50','37',NULL,'48',NULL,NULL),
	('51','38',NULL,'49',NULL,NULL),
	('52','39',NULL,'50',NULL,NULL),
	('53','40',NULL,'51',NULL,NULL),
	('54','41',NULL,'52',NULL,NULL),
	('55','42',NULL,'53',NULL,NULL),
	('67','43',NULL,'54',NULL,NULL),
	('68','44',NULL,'55',NULL,NULL),
	('69','45',NULL,'56',NULL,NULL),
	('70','46',NULL,'57',NULL,NULL),
	('71','47',NULL,'58',NULL,NULL),
	('72','48',NULL,'59',NULL,NULL),
	('73','49',NULL,'60',NULL,NULL),
	('74','50',NULL,'61',NULL,NULL),
	('75','51',NULL,'62',NULL,NULL),
	('76','52',NULL,'63',NULL,NULL),
	('77','53',NULL,'64',NULL,NULL),
	('78','54',NULL,'65',NULL,NULL),
	('79','55',NULL,'66',NULL,NULL),
	('81','56',NULL,'68',NULL,NULL),
	('82','57',NULL,'69',NULL,NULL),
	('83','58',NULL,'70',NULL,NULL),
	('84','59',NULL,'71',NULL,NULL),
	('85','60',NULL,'72',NULL,NULL),
	('86','61',NULL,'73',NULL,NULL),
	('87','62',NULL,'74',NULL,NULL),
	('88','63',NULL,'75',NULL,NULL),
	('89','64',NULL,'76',NULL,NULL),
	('90','65',NULL,'77',NULL,NULL),
	('91','66',NULL,'78',NULL,NULL),
	('92','67',NULL,'79',NULL,NULL),
	('93','68',NULL,'80',NULL,NULL),
	('94','69',NULL,'81',NULL,NULL),
	('95','70',NULL,'82',NULL,NULL),
	('96','71',NULL,'83',NULL,NULL),
	('97','72',NULL,'84',NULL,NULL),
	('98','73',NULL,'85',NULL,NULL),
	('99','74',NULL,'86',NULL,NULL),
	('100','75',NULL,'87',NULL,NULL),
	('101','76',NULL,'88',NULL,NULL),
	('102','77',NULL,'89',NULL,NULL),
	('103','78',NULL,'90',NULL,NULL),
	('104','79',NULL,'91',NULL,NULL),
	('105','80',NULL,'92',NULL,NULL),
	('106','81',NULL,'93',NULL,NULL),
	('107','82',NULL,'94',NULL,NULL),
	('108','83',NULL,'95',NULL,NULL),
	('109','84',NULL,'96',NULL,NULL),
	('110','85',NULL,'97',NULL,NULL),
	('111','86',NULL,'98',NULL,NULL),
	('112','87',NULL,'99',NULL,NULL),
	('113','88',NULL,'100',NULL,NULL),
	('114','89',NULL,'101',NULL,NULL),
	('115','90',NULL,'102',NULL,NULL),
	('116','92',NULL,'103',NULL,NULL),
	('117','93',NULL,'104',NULL,NULL),
	('118','94',NULL,'105',NULL,NULL),
	('119','95',NULL,'106',NULL,NULL),
	('120','96',NULL,'107',NULL,NULL);

UNLOCK TABLES;


#
# Table structure for table 'users'
#

DROP TABLE IF EXISTS `users`;
CREATE TABLE `users` (
  `id` int(5) unsigned NOT NULL AUTO_INCREMENT,
  `player_id` int(5) unsigned DEFAULT NULL,
  `user` varchar(30) DEFAULT NULL,
  `salt` varchar(50) DEFAULT NULL,
  `pass` varchar(50) DEFAULT NULL,
  `email` varchar(50) DEFAULT NULL,
  `rights` tinyint(3) unsigned DEFAULT NULL,
  PRIMARY KEY (`id`),
  UNIQUE KEY `user` (`user`),
  KEY `id` (`id`)
) ENGINE=InnoDB AUTO_INCREMENT=3 DEFAULT CHARSET=latin1;



#
# Dumping data for table 'users'
#

LOCK TABLES `users` WRITE;

INSERT INTO `users` (`id`, `player_id`, `user`, `salt`, `pass`, `email`, `rights`) VALUES
	('2',NULL,'greifmaster','686e63de','8aab302bd693cfc281696e04b78bdaff',NULL,NULL);

UNLOCK TABLES;

